instance_id,instance,seed,gurobi_status,gurobi_result_source,gurobi_accepted,gurobi_rejected,gurobi_dtd,gurobi_ivt,gurobi_objective,gurobi_time_s,lns_accepted,lns_rejected,lns_dtd,lns_ivt,lns_objective,lns_time_s,obj_gap_pct
leuven-01_s1,leuven-01,1,optimal,r1,38,12,123,482,12605,3235.227,38,12,123,482,12605,102.223,0
leuven-01_s2,leuven-01,2,optimal,revision,37,13,122,439,13561,1176.586,37,13,122,439,13561,112.823,0
leuven-01_s3,leuven-01,3,optimal,revision,34,16,97,420,16517,855.293,34,16,97,420,16517,126.386,0
leuven-02_s1,leuven-02,1,time_limit,r1,,,,,,,40,10,116,478,10594,105.051,
leuven-02_s2,leuven-02,2,time_limit,revision,,,,,,,41,9,119,478,9597,121.678,
leuven-02_s3,leuven-02,3,time_limit,revision,,,,,,,42,8,114,567,8681,97.165,
leuven-03_s1,leuven-03,1,time_limit,r1,,,,,,,47,3,228,586,3814,72.658,
leuven-03_s2,leuven-03,2,time_limit,revision,,,,,,,49,1,227,645,1872,89.034,
leuven-03_s3,leuven-03,3,time_limit,revision,,,,,,,49,1,213,653,1866,69.835,
leuven-04_s1,leuven-04,1,optimal,r1,27,23,50,292,23342,468.503,27,23,50,292,23342,174.877,0
leuven-04_s2,leuven-04,2,optimal,revision,30,20,43,317,20360,261.833,30,20,43,317,20360,174.345,0
leuven-04_s3,leuven-04,3,optimal,revision,26,24,44,338,24382,259.902,26,24,44,338,24382,174.605,0
leuven-05_s1,leuven-05,1,optimal,r1,28,22,94,313,22407,285.413,28,22,94,313,22407,156.301,0
leuven-05_s2,leuven-05,2,optimal,revision,32,18,92,387,18479,172.946,32,18,92,387,18479,155.755,0
leuven-05_s3,leuven-05,3,optimal,revision,26,24,88,326,24414,137.367,26,24,88,326,24414,162.012,0
leuven-06_s1,leuven-06,1,optimal,r1,23,7,57,255,7312,191.956,23,7,58,255,7313,60.138,0.0137
leuven-06_s2,leuven-06,2,optimal,revision,24,6,77,261,6338,210.696,24,6,77,261,6338,73.143,0
leuven-06_s3,leuven-06,3,optimal,revision,26,4,71,294,4365,133.56,26,4,73,294,4367,49.03,0.0458
leuven-07_s1,leuven-07,1,optimal,r1,44,26,118,564,26682,4080.26,44,26,118,564,26682,251.366,0
leuven-07_s2,leuven-07,2,optimal,revision,48,22,137,643,22780,2678.22,48,22,137,643,22780,244.73,0
leuven-07_s3,leuven-07,3,optimal,revision,46,24,149,674,24823,1795.409,46,24,149,674,24823,201.761,0
leuven-08_s1,leuven-08,1,optimal,r1,60,40,167,804,40971,9063.586,60,40,167,804,40971,404.066,0
leuven-08_s2,leuven-08,2,optimal,revision,57,43,149,802,43951,6530.48,57,43,148,804,43952,468.157,0.0023
leuven-08_s3,leuven-08,3,optimal,revision,62,38,173,755,38928,9578.46,62,38,173,755,38928,393.614,0
leuven-09_s1,leuven-09,1,optimal,r1,37,13,114,454,13568,746.455,37,13,114,454,13568,144.624,0
leuven-09_s2,leuven-09,2,optimal,revision,36,14,98,479,14577,453.993,36,14,99,479,14578,125.853,0.0069
leuven-09_s3,leuven-09,3,time_limit,revision,,,,,,,34,16,103,423,16526,130.962,
leuven-10_s1,leuven-10,1,optimal,r1,36,14,119,460,14579,759.156,36,14,119,460,14579,134.126,0
leuven-10_s2,leuven-10,2,time_limit,revision,,,,,,,38,12,106,567,12673,101.979,
leuven-10_s3,leuven-10,3,time_limit,revision,,,,,,,39,11,104,485,11589,92.547,
rand-01_s1,rand-01,1,optimal,revision,27,13,65,346,13411,68.14,27,13,65,346,13411,165.021,0
rand-01_s2,rand-01,2,optimal,revision,28,12,71,358,12429,167.01,28,12,71,358,12429,87.844,0
rand-01_s3,rand-01,3,optimal,revision,36,4,64,386,4450,288.673,36,4,72,388,4460,37.743,0.2247
rand-02_s1,rand-02,1,optimal,revision,39,11,103,642,11745,334.836,42,8,128,706,8834,86.588,-24.785
rand-02_s2,rand-02,2,optimal,revision,40,10,126,544,10670,474.839,40,10,126,544,10670,96.632,0
rand-02_s3,rand-02,3,optimal,revision,38,12,126,531,12657,436.259,38,12,127,531,12658,114.04,0.0079
rand-03_s1,rand-03,1,optimal,revision,48,12,111,1457,13568,6141.296,48,12,111,1457,13568,174.32,0
rand-03_s2,rand-03,2,optimal,revision,43,17,98,898,17996,2977.632,43,17,98,898,17996,134.954,0
rand-03_s3,rand-03,3,optimal,revision,49,11,152,1224,12376,1968.731,49,11,151,1225,12376,110.443,0
rand-04_s1,rand-04,1,optimal,revision,21,9,48,523,9571,143.662,21,9,48,523,9571,56.586,0
rand-04_s2,rand-04,2,optimal,revision,23,7,60,568,7628,50.945,23,7,61,568,7629,56.91,0.0131
rand-04_s3,rand-04,3,optimal,revision,24,6,41,555,6596,72.696,24,6,41,555,6596,51.222,0
rand-05_s1,rand-05,1,optimal,revision,39,11,112,681,11793,546.953,39,11,112,681,11793,97.815,0
rand-05_s2,rand-05,2,optimal,revision,39,11,118,565,11683,188.023,39,11,118,565,11683,85.941,0
rand-05_s3,rand-05,3,optimal,revision,35,15,110,502,15612,161.78,35,15,110,502,15612,122.024,0
rand-06_s1,rand-06,1,optimal,revision,38,2,164,539,2703,669.444,38,2,173,534,2707,40.827,0.148
rand-06_s2,rand-06,2,optimal,revision,40,0,204,493,697,472.725,40,0,204,493,697,30.373,0
rand-06_s3,rand-06,3,optimal,revision,40,0,141,476,617,823.007,40,0,144,478,622,29.452,0.8104
rand-07_s1,rand-07,1,optimal,revision,46,4,274,761,5035,2320.856,49,1,305,857,2162,44.606,-57.0606
rand-07_s2,rand-07,2,time_limit,revision,,,,,,,50,0,263,720,983,36.773,
rand-07_s3,rand-07,3,time_limit,revision,,,,,,,49,1,293,741,2034,44.445,
rand-08_s1,rand-08,1,time_limit,revision,,,,,,,60,0,276,1848,2124,22.853,
rand-08_s2,rand-08,2,time_limit,revision,,,,,,,60,0,192,1541,1733,24.819,
rand-08_s3,rand-08,3,time_limit,revision,,,,,,,60,0,212,1582,1794,21.394,
rand-09_s1,rand-09,1,optimal,revision,27,3,109,666,3775,176.488,27,3,111,666,3777,35.181,0.053
rand-09_s2,rand-09,2,optimal,revision,24,6,119,596,6715,57.416,26,4,81,642,4723,46.231,-29.6649
rand-09_s3,rand-09,3,optimal,revision,26,4,145,623,4768,116.219,26,4,145,623,4768,40.035,0
rand-10_s1,rand-10,1,optimal,revision,45,5,280,783,6063,3933.884,48,2,296,886,3182,43.227,-47.5177
rand-10_s2,rand-10,2,time_limit,revision,,,,,,,49,1,271,728,1999,37.701,
rand-10_s3,rand-10,3,time_limit,revision,,,,,,,48,2,204,730,2934,51.608,
