instance_id,instance,seed,group,pb_requests,rt_requests,phase1_pb_accepted,phase1_objective,phase1_dtd,phase1_ivt,phase1_time_s,phase2_pb_accepted,phase2_objective,phase2_dtd,phase2_ivt,phase2_time_s,pb_accepted,rt_accepted,total_accepted,objective,total_dtd,total_ivt,phase3_solver_time_s,phase3_wall_time_s,phase3_epochs,phase3_max_epoch_s,phase3_avg_epoch_s,vehicle_trips_used,cw_violations
leuven-01_s1,leuven-01,1,Leuven,50,50,38,12605.0,123.0,482.0,102.223,38,12605.0,123.0,482.0,5.683,38,26,64,37028.0,197.0,831.0,1.4,2.857,41,0.113,0.034,7,0
leuven-01_s2,leuven-01,2,Leuven,50,50,37,13561.0,122.0,439.0,112.823,37,13561.0,122.0,439.0,5.717,37,19,56,44907.0,169.0,738.0,2.58,5.232,43,0.123,0.06,8,0
leuven-01_s3,leuven-01,3,Leuven,50,50,34,16517.0,97.0,420.0,126.386,34,16517.0,97.0,420.0,5.602,34,18,52,48874.0,153.0,721.0,2.504,4.8,40,0.138,0.063,8,0
leuven-02_s1,leuven-02,1,Leuven,50,50,40,10594.0,116.0,478.0,105.051,40,10594.0,116.0,478.0,5.733,40,30,70,31058.0,186.0,872.0,2.413,5.226,41,0.143,0.059,8,0
leuven-02_s2,leuven-02,2,Leuven,50,50,41,9597.0,119.0,478.0,121.678,41,9597.0,119.0,478.0,6.065,41,24,65,36071.0,182.0,889.0,2.225,4.547,43,0.133,0.052,9,0
leuven-02_s3,leuven-02,3,Leuven,50,50,42,8681.0,114.0,567.0,97.165,42,8679.0,113.0,566.0,6.093,42,27,69,32197.0,192.0,1005.0,2.625,5.386,40,0.13,0.066,9,0
leuven-03_s1,leuven-03,1,Leuven,50,50,47,3814.0,228.0,586.0,72.658,47,3814.0,228.0,586.0,6.801,47,34,81,20403.0,361.0,1042.0,1.505,3.051,41,0.188,0.037,7,0
leuven-03_s2,leuven-03,2,Leuven,50,50,49,1872.0,227.0,645.0,89.034,49,1872.0,227.0,645.0,6.25,49,28,77,24556.0,375.0,1181.0,1.67,3.516,43,0.092,0.039,7,0
leuven-03_s3,leuven-03,3,Leuven,50,50,49,1866.0,213.0,653.0,69.835,49,1866.0,213.0,653.0,6.477,49,33,82,19530.0,385.0,1145.0,1.79,3.527,40,0.11,0.045,7,0
leuven-04_s1,leuven-04,1,Leuven,50,50,27,23342.0,50.0,292.0,174.877,27,23342.0,50.0,292.0,5.717,27,12,39,61500.0,74.0,426.0,1.908,3.588,41,0.117,0.047,6,0
leuven-04_s2,leuven-04,2,Leuven,50,50,30,20360.0,43.0,317.0,174.345,30,20360.0,43.0,317.0,5.8,30,12,42,58574.0,66.0,508.0,1.773,3.491,43,0.108,0.041,8,0
leuven-04_s3,leuven-04,3,Leuven,50,50,26,24382.0,44.0,338.0,174.605,26,24382.0,44.0,338.0,5.62,26,13,39,61572.0,55.0,517.0,1.714,3.427,40,0.135,0.043,8,0
leuven-05_s1,leuven-05,1,Leuven,50,50,28,22407.0,94.0,313.0,156.301,28,22407.0,94.0,313.0,5.589,28,19,47,53682.0,142.0,540.0,1.2,2.334,41,0.057,0.029,5,0
leuven-05_s2,leuven-05,2,Leuven,50,50,32,18479.0,92.0,387.0,155.755,32,18479.0,92.0,387.0,5.742,32,12,44,56710.0,119.0,591.0,1.325,2.609,43,0.054,0.031,6,0
leuven-05_s3,leuven-05,3,Leuven,50,50,26,24414.0,88.0,326.0,162.012,26,24414.0,88.0,326.0,5.577,26,13,39,61657.0,130.0,527.0,1.248,2.373,40,0.069,0.031,6,0
leuven-06_s1,leuven-06,1,Leuven,30,70,23,7313.0,58.0,255.0,60.138,23,7313.0,58.0,255.0,5.598,23,22,45,55669.0,110.0,559.0,2.647,5.202,55,0.104,0.048,6,0
leuven-06_s2,leuven-06,2,Leuven,30,70,24,6338.0,77.0,261.0,73.143,24,6338.0,77.0,261.0,5.498,24,21,45,55751.0,134.0,617.0,2.512,5.184,55,0.079,0.046,8,0
leuven-06_s3,leuven-06,3,Leuven,30,70,26,4367.0,73.0,294.0,49.03,26,4367.0,73.0,294.0,5.72,26,29,55,45915.0,172.0,743.0,2.223,4.679,53,0.078,0.042,7,0
leuven-07_s1,leuven-07,1,Leuven,70,30,44,26682.0,118.0,564.0,251.366,44,26682.0,118.0,564.0,6.067,44,8,52,48823.0,142.0,681.0,1.079,2.092,26,0.068,0.042,6,0
leuven-07_s2,leuven-07,2,Leuven,70,30,48,22780.0,137.0,643.0,244.73,48,22780.0,137.0,643.0,6.585,48,13,61,40031.0,175.0,856.0,1.051,2.145,28,0.065,0.038,7,0
leuven-07_s3,leuven-07,3,Leuven,70,30,46,24823.0,149.0,674.0,201.761,46,24823.0,149.0,674.0,5.992,46,10,56,45038.0,186.0,852.0,1.067,2.139,25,0.074,0.043,7,0
leuven-08_s1,leuven-08,1,Leuven,100,100,60,40971.0,167.0,804.0,404.066,60,40971.0,167.0,804.0,6.732,60,36,96,105578.0,261.0,1317.0,5.143,11.133,71,0.126,0.073,7,0
leuven-08_s2,leuven-08,2,Leuven,100,100,57,43952.0,148.0,804.0,468.157,57,43952.0,148.0,804.0,6.844,57,40,97,104580.0,262.0,1318.0,4.637,10.148,72,0.121,0.064,8,0
leuven-08_s3,leuven-08,3,Leuven,100,100,62,38928.0,173.0,755.0,393.614,62,38928.0,173.0,755.0,7.244,62,29,91,110394.0,252.0,1142.0,4.424,9.729,63,0.125,0.07,7,0
leuven-09_s1,leuven-09,1,Leuven,50,50,37,13568.0,114.0,454.0,144.624,37,13568.0,114.0,454.0,6.027,37,15,52,48845.0,152.0,693.0,2.056,4.082,45,0.086,0.046,6,0
leuven-09_s2,leuven-09,2,Leuven,50,50,36,14578.0,99.0,479.0,125.853,36,14578.0,99.0,479.0,5.575,36,19,55,46009.0,158.0,851.0,2.766,5.408,43,0.13,0.064,6,0
leuven-09_s3,leuven-09,3,Leuven,50,50,34,16526.0,103.0,423.0,130.962,34,16526.0,103.0,423.0,5.531,34,20,54,47047.0,167.0,880.0,2.833,5.721,40,0.11,0.071,6,0
leuven-10_s1,leuven-10,1,Leuven,50,50,36,14579.0,119.0,460.0,134.126,36,14579.0,119.0,460.0,5.919,36,14,50,50772.0,149.0,623.0,1.538,3.096,42,0.092,0.037,7,0
leuven-10_s2,leuven-10,2,Leuven,50,50,38,12673.0,106.0,567.0,101.979,38,12673.0,106.0,567.0,5.598,38,23,61,40116.0,171.0,945.0,2.603,5.327,41,0.109,0.064,7,0
leuven-10_s3,leuven-10,3,Leuven,50,50,39,11589.0,104.0,485.0,92.547,39,11587.0,102.0,485.0,5.594,39,16,55,45882.0,141.0,741.0,2.844,5.672,42,0.1,0.068,6,0
rand-01_s1,rand-01,1,random,40,40,27,13411.0,65.0,346.0,165.021,27,13411.0,65.0,346.0,5.562,27,23,50,30723.0,117.0,606.0,0.969,1.846,33,0.079,0.029,3,0
rand-01_s2,rand-01,2,random,40,40,28,12429.0,71.0,358.0,87.844,28,12429.0,71.0,358.0,5.67,28,22,50,30827.0,115.0,712.0,0.699,1.276,31,0.065,0.022,3,0
rand-01_s3,rand-01,3,random,40,40,36,4460.0,72.0,388.0,37.743,36,4450.0,65.0,385.0,5.901,36,23,59,21771.0,111.0,660.0,0.711,1.306,31,0.048,0.023,3,0
rand-02_s1,rand-02,1,random,50,50,42,8834.0,128.0,706.0,86.588,42,8834.0,128.0,706.0,6.282,42,23,65,36275.0,195.0,1080.0,1.345,2.589,40,0.063,0.033,4,0
rand-02_s2,rand-02,2,random,50,50,40,10670.0,126.0,544.0,96.632,40,10670.0,126.0,544.0,6.102,40,21,61,40119.0,194.0,925.0,1.302,2.481,40,0.067,0.033,4,0
rand-02_s3,rand-02,3,random,50,50,38,12658.0,127.0,531.0,114.04,38,12658.0,127.0,531.0,5.976,38,19,57,43969.0,176.0,793.0,1.352,2.555,38,0.064,0.035,4,0
rand-03_s1,rand-03,1,random,60,60,48,13568.0,111.0,1457.0,174.32,48,13568.0,111.0,1457.0,6.691,48,36,84,38538.0,190.0,2348.0,3.094,6.393,52,0.171,0.059,5,0
rand-03_s2,rand-03,2,random,60,60,43,17996.0,98.0,898.0,134.954,43,17996.0,98.0,898.0,5.793,43,26,69,52818.0,161.0,1657.0,2.582,5.186,48,0.137,0.054,5,0
rand-03_s3,rand-03,3,random,60,60,49,12376.0,151.0,1225.0,110.443,49,12376.0,151.0,1225.0,6.065,49,26,75,47157.0,216.0,1941.0,2.738,5.528,47,0.087,0.058,5,0
rand-04_s1,rand-04,1,random,30,30,21,9571.0,48.0,523.0,56.586,21,9571.0,48.0,523.0,5.477,21,14,35,26016.0,78.0,938.0,1.052,1.631,28,0.153,0.038,4,0
rand-04_s2,rand-04,2,random,30,30,23,7629.0,61.0,568.0,56.91,23,7629.0,61.0,568.0,5.545,23,16,39,21993.0,100.0,893.0,1.046,1.794,29,0.085,0.036,4,0
rand-04_s3,rand-04,3,random,30,30,24,6596.0,41.0,555.0,51.222,24,6596.0,41.0,555.0,5.41,24,14,38,22903.0,67.0,836.0,1.484,2.289,26,0.142,0.057,4,0
rand-05_s1,rand-05,1,random,50,50,39,11793.0,112.0,681.0,97.815,39,11793.0,112.0,681.0,5.764,39,24,63,38235.0,185.0,1050.0,1.49,2.867,41,0.079,0.036,4,0
rand-05_s2,rand-05,2,random,50,50,39,11683.0,118.0,565.0,85.941,39,11683.0,118.0,565.0,5.675,39,18,57,44072.0,176.0,896.0,2.337,4.384,44,0.097,0.053,4,0
rand-05_s3,rand-05,3,random,50,50,35,15612.0,110.0,502.0,122.024,35,15612.0,110.0,502.0,5.695,35,17,52,48906.0,149.0,757.0,1.456,2.805,39,0.111,0.037,4,0
rand-06_s1,rand-06,1,random,40,40,38,2707.0,173.0,534.0,40.827,38,2707.0,173.0,534.0,5.755,38,28,66,15140.0,278.0,862.0,0.706,1.323,33,0.053,0.022,3,0
rand-06_s2,rand-06,2,random,40,40,40,697.0,204.0,493.0,30.373,40,697.0,204.0,493.0,5.986,40,34,74,7375.0,359.0,1016.0,0.534,1.058,31,0.036,0.017,3,0
rand-06_s3,rand-06,3,random,40,40,40,622.0,144.0,478.0,29.452,40,622.0,144.0,478.0,5.662,40,33,73,8137.0,278.0,859.0,0.619,1.243,31,0.087,0.02,3,0
rand-07_s1,rand-07,1,random,50,50,49,2162.0,305.0,857.0,44.606,49,2161.0,304.0,857.0,6.222,49,28,77,24749.0,457.0,1292.0,1.204,2.407,40,0.078,0.03,4,0
rand-07_s2,rand-07,2,random,50,50,50,983.0,263.0,720.0,36.773,50,983.0,263.0,720.0,6.157,50,38,88,13824.0,461.0,1363.0,1.02,2.065,40,0.052,0.026,4,0
rand-07_s3,rand-07,3,random,50,50,49,2034.0,293.0,741.0,44.445,49,2034.0,293.0,741.0,5.814,49,34,83,18722.0,485.0,1237.0,1.501,3.15,38,0.09,0.04,4,0
rand-08_s1,rand-08,1,random,60,60,60,2124.0,276.0,1848.0,22.853,60,1924.0,180.0,1744.0,6.307,60,55,115,8616.0,404.0,3212.0,4.369,7.748,52,0.276,0.084,5,0
rand-08_s2,rand-08,2,random,60,60,60,1733.0,192.0,1541.0,24.819,60,1707.0,181.0,1526.0,7.428,60,53,113,10736.0,495.0,3241.0,4.274,8.569,48,0.191,0.089,5,0
rand-08_s3,rand-08,3,random,60,60,60,1794.0,212.0,1582.0,21.394,60,1742.0,215.0,1527.0,6.664,60,49,109,14468.0,456.0,3012.0,3.61,7.809,47,0.144,0.077,5,0
rand-09_s1,rand-09,1,random,30,30,27,3777.0,111.0,666.0,35.181,27,3777.0,111.0,666.0,5.527,27,22,49,12410.0,200.0,1210.0,0.61,1.171,28,0.047,0.022,4,0
rand-09_s2,rand-09,2,random,30,30,26,4723.0,81.0,642.0,46.231,26,4723.0,81.0,642.0,5.564,26,17,43,18187.0,134.0,1053.0,0.987,1.802,29,0.146,0.034,4,0
rand-09_s3,rand-09,3,random,30,30,26,4768.0,145.0,623.0,40.035,26,4768.0,145.0,623.0,5.443,26,18,44,17208.0,220.0,988.0,1.273,1.827,26,0.477,0.049,4,0
rand-10_s1,rand-10,1,random,50,50,48,3182.0,296.0,886.0,43.227,48,3182.0,296.0,886.0,5.878,48,30,78,23828.0,467.0,1361.0,1.453,2.973,41,0.069,0.036,4,0
rand-10_s2,rand-10,2,random,50,50,49,1999.0,271.0,728.0,37.701,49,1999.0,271.0,728.0,5.752,49,37,86,15820.0,452.0,1368.0,1.266,2.615,44,0.075,0.029,4,0
rand-10_s3,rand-10,3,random,50,50,48,2934.0,204.0,730.0,51.608,48,2934.0,204.0,730.0,5.866,48,37,85,16686.0,355.0,1331.0,1.477,3.065,39,0.104,0.038,4,0
