instance_id,instance,seed,group,internal_instance,internal_seed_label,note,sha256
leuven-01_s1,leuven-01,1,Leuven,final_update_instance_01,original,,a291124710d75fd50a66f969acc322347432994b7ebd8bfecbdf61d7366fa9a9
leuven-01_s2,leuven-01,2,Leuven,final_update_instance_01,seed_101,,b5ebbe2c488e02fd673f6df2e42e08ad8f3cce6a0b1aceb1b9636c3e6d6ad161
leuven-01_s3,leuven-01,3,Leuven,final_update_instance_01,seed_202,,0521c33e55c38eed9d39f57a4bbe7fa6de340b890e80268c2ae7e9d6d048a827
leuven-02_s1,leuven-02,1,Leuven,final_update_instance_02,original,,b891ef098d4f220473ee5f357f84aba410329135a5f9a8582229f1dea879d08c
leuven-02_s2,leuven-02,2,Leuven,final_update_instance_02,seed_101,,dd1c1e9dbfec5087a01a9c908b7cb1a14afaacd0f25cede7439b1081ed76c867
leuven-02_s3,leuven-02,3,Leuven,final_update_instance_02,seed_202,,4a575c9bf422221e2a873344a3cecd332073181c3ede83ec95c3d74470d10061
leuven-03_s1,leuven-03,1,Leuven,final_update_instance_03,original,,5d22dfd4de77a653fb93fd660c075d323266b395ea2c187d5fce38e75e643805
leuven-03_s2,leuven-03,2,Leuven,final_update_instance_03,seed_101,,5b096d17934a62e0331136358a7f0c322d58348c38f74fc5aeb6410cde544117
leuven-03_s3,leuven-03,3,Leuven,final_update_instance_03,seed_202,,1f2c7540c7b02270cee047b9bb7a8f0b0f28105306a018b1d53063ab9a99ea55
leuven-04_s1,leuven-04,1,Leuven,final_update_instance_04,original,,0f6e521f258d445dadc38f8bfdb4cb803032434eca77e7a17c3ed3c36ddffa07
leuven-04_s2,leuven-04,2,Leuven,final_update_instance_04,seed_101,,bb157a6ab7e1aa871a99fd36065ce100e56a76def8d4dcd2229e0615c7d7de3d
leuven-04_s3,leuven-04,3,Leuven,final_update_instance_04,seed_202,,3152f5f12bb200126bdaabe189853c4625930955894dbcfc00fdad5e912a431a
leuven-05_s1,leuven-05,1,Leuven,final_update_instance_05,original,,ad59362facb29dad90ec99d6722a4f4907b3f87c53a2bd850e77c6a06e6a9a16
leuven-05_s2,leuven-05,2,Leuven,final_update_instance_05,seed_101,,3859a810683d27d2d290c6d382d0fba84d83d3a15c49f459026153d80e711a4f
leuven-05_s3,leuven-05,3,Leuven,final_update_instance_05,seed_202,,82649b064cef5dcf96e82e04a71c21b188ebfd06d62e8b635ced1dc5a6356bcc
leuven-06_s1,leuven-06,1,Leuven,final_update_instance_06,original,,98bdf08fe1a7c3f53ad93e1da3921c88be17e468437a356bed0c13447a4a23b8
leuven-06_s2,leuven-06,2,Leuven,final_update_instance_06,seed_101,,07d5690db0a71c42c90cadd46efb78da8bc1e42f26f526a6570c4c44aab1e2c1
leuven-06_s3,leuven-06,3,Leuven,final_update_instance_06,seed_202,,114bb9dd3882521ef20ef1726ae28d0973915cdc1e23fab7e39f1cbbd3ff9341
leuven-07_s1,leuven-07,1,Leuven,final_update_instance_07,original,,a3001d372ebde2f2a91f18bf03a88aa47e78919e8af16603c66406519e8e7371
leuven-07_s2,leuven-07,2,Leuven,final_update_instance_07,seed_101,,c594ddb64574d7e91bc6688b789b02ed8a48f89bec42d34d534f601373433472
leuven-07_s3,leuven-07,3,Leuven,final_update_instance_07,seed_202,,b738ab43a751669a4c9576292a959c3e4759b50dfc3fd93a9583f7dd955e2f21
leuven-08_s1,leuven-08,1,Leuven,final_update_instance_08,original,,d5c318a00b8e94f13fb825ff29f5bb8388e9e6ebc28563e60ead74d3f77f8ebf
leuven-08_s2,leuven-08,2,Leuven,final_update_instance_08,seed_101,,e0bd43c4876aeb38d61fa599e6663731a42b0246c7d992627e5f8119ed604878
leuven-08_s3,leuven-08,3,Leuven,final_update_instance_08,seed_202,,917d869dfa94616fa487aaafabd9a63415afcc73d33398d1b91c2104a48985f4
leuven-09_s1,leuven-09,1,Leuven,final_update_instance_09,original,,61894a8d5a7b514840db271e136a3c28285536af9c818661596a8f6e9d04c95a
leuven-09_s2,leuven-09,2,Leuven,final_update_instance_09,seed_101,requests generated with request seed 901,3bbc72b85453e57351f4895de64096d0da854624fb6c1d75aa0f13137b93c80d
leuven-09_s3,leuven-09,3,Leuven,final_update_instance_09,seed_202,requests generated with request seed 902,2e5f8b39ff074d5920c7f15b13f80e50c04fa64cb9cfa628ea6dc575b352f0ed
leuven-10_s1,leuven-10,1,Leuven,final_update_instance_10,original,,f241c257844a30be32d5f4bb40a2c5cd937602143428633ec5ad495f098b2f30
leuven-10_s2,leuven-10,2,Leuven,final_update_instance_10,seed_101,requests generated with request seed 1001,4a85686f4b96d9f8aec89d120fc965d2f42f10865ec761a5ff8a9a04083bd00b
leuven-10_s3,leuven-10,3,Leuven,final_update_instance_10,seed_202,requests generated with request seed 1002,afb9e0701652d8c1dc0a468a4f35b825ae26abf673f53cbe16cdc9036aec3fa9
rand-01_s1,rand-01,1,random,rand-01__compact_urban,original,,b72ad779f19c8bf8d4183962daf713a3b4e6a1357f0d4c78fb87a8c00838aa81
rand-01_s2,rand-01,2,random,rand-01__compact_urban,seed_101,,3bb56817599e3cad56879f6a1954d1d9299fdd11a6ae5d00fad5092b617dffea
rand-01_s3,rand-01,3,random,rand-01__compact_urban,seed_202,,fc53959e4d3b3a46d901799a2af0afa476368006317995a322b26906247d5eb5
rand-02_s1,rand-02,1,random,rand-02__medium_balanced,original,,dadbcf7740087837ed648ec7e0726f48a0c85d679270ba666095e440ceee74e7
rand-02_s2,rand-02,2,random,rand-02__medium_balanced,seed_101,,a662a0c724bbd069e8036412fad9503de093f4ac0230aaeb5a054d2df07ecf02
rand-02_s3,rand-02,3,random,rand-02__medium_balanced,seed_202,,5a31c36e3c2fec252321815f2eea3108b9979d0eebdcb823cd320d341a3c3016
rand-03_s1,rand-03,1,random,rand-03__large_suburban,original,,fa645e24ecd80a53bab9886d5d185fcf57a6a7b72f3cacaa6002ac2e5b742124
rand-03_s2,rand-03,2,random,rand-03__large_suburban,seed_101,,78e6ac94221024909bcbbbfcb9151dd6d7156d66e5e09534d6f1a2af83f92f2a
rand-03_s3,rand-03,3,random,rand-03__large_suburban,seed_202,,fea56abf9f30bbf6f88e4afc384ac317e7827ea0ba4dd0313a7c8120ecc8cc44
rand-04_s1,rand-04,1,random,rand-04__slow_rural,original,,a6af8390715ae5dd59e1b1c91df91718c3339f314b3e1c19b4a8d561cd635505
rand-04_s2,rand-04,2,random,rand-04__slow_rural,seed_101,,e1f9800e9f097957141aa5882396066aaef4789f68867e0cbc9042a23c5c4cfc
rand-04_s3,rand-04,3,random,rand-04__slow_rural,seed_202,,682682554688f8d10bd9535283be7681f8c4441b9ad2289b5a1a47ca1ffe7de3
rand-05_s1,rand-05,1,random,rand-05__medium_fast,original,,e2a878accc24eeed870adc6980e9504d09172a281e98de73a4a6d85d595222e7
rand-05_s2,rand-05,2,random,rand-05__medium_fast,seed_101,,9bf83789921e6b005e739225cf348fc9304f3d02ebdb41aa77abc8d55eeded82
rand-05_s3,rand-05,3,random,rand-05__medium_fast,seed_202,,66b86be741fa7af3c79adc2fb12212929a9341e0629f77003ba704120614cd65
rand-06_s1,rand-06,1,random,rand-06__compact_urban_2,original,,08d37330ef210d456eb39b3c217618ad01d34baa5a31dca89826f15ac592760d
rand-06_s2,rand-06,2,random,rand-06__compact_urban_2,seed_101,,113bc91fed09c292f0cff3abf8a8bddb50ca4be8cabbc064a7d6eaaab90163c4
rand-06_s3,rand-06,3,random,rand-06__compact_urban_2,seed_202,,582f48a3f337ae0cf746a014571b981deb773568249b2343d544bb52022c00ef
rand-07_s1,rand-07,1,random,rand-07__medium_balanced_2,original,,4c7048d6705622c44a9b5eb1dee08149bbd66a45c180501647dc7c98cfd5b7d6
rand-07_s2,rand-07,2,random,rand-07__medium_balanced_2,seed_101,,569581cec5767db832bced5b1eba28151ad0d51cc73cd40199f259603bb666d0
rand-07_s3,rand-07,3,random,rand-07__medium_balanced_2,seed_202,,8a867486f33c65ed034792827e1c77df1c6965e04ecb45b62985ff8b638b1d4a
rand-08_s1,rand-08,1,random,rand-08__large_suburban_2,original,,3d097ecf18496cb85fddd4c127c8252cefc11accf1dc3ed0930af16c3218e303
rand-08_s2,rand-08,2,random,rand-08__large_suburban_2,seed_101,,27d8c9a06452d302b85673b94020322a66a99c5be82aa9716adf1d62c38867e3
rand-08_s3,rand-08,3,random,rand-08__large_suburban_2,seed_202,,f16f2fe159e61de46fe389c5c9575e94b1e63ae057319d285e41bfe1e5688676
rand-09_s1,rand-09,1,random,rand-09__slow_rural_2,original,,8420bc2c53533b5d1d82a93359a81280ca9c4e0595c88915f85456b8681e3ecc
rand-09_s2,rand-09,2,random,rand-09__slow_rural_2,seed_101,,50ddc71e230a7734235d20f1165fcdec0372d9f3ce149dbda1868889e912854c
rand-09_s3,rand-09,3,random,rand-09__slow_rural_2,seed_202,,f71b66b461f0ef878f25f8a3f89361b1b523c1655bea27e49fefc1b1cbc8c574
rand-10_s1,rand-10,1,random,rand-10__medium_fast_2,original,,b3b7f0cc75b534e76f8b22be1fd223d581a366c69a63634ce41e89010cf5f286
rand-10_s2,rand-10,2,random,rand-10__medium_fast_2,seed_101,,0aeb362573f968acdd2800b48f53821045e8cec468d5d1de00daa3814d76393a
rand-10_s3,rand-10,3,random,rand-10__medium_fast_2,seed_202,,f8b1562ddb03d04117b1dac16390232c5a1ec86e33a52c255b170c1a06723af8
